target,expect
ep01,ep01
ep01,ep01
ep01,ep01
ep01,ep01
ep01,ep01
ep01,ep01
ep01,ep01
ep01,ep01
ep01,ep01
ep01,ep01
ep02,ep02
ep02,ep02
ep02,ep02
ep02,ep02
ep02,ep02
ep02,ep02
ep02,ep02
ep02,ep02
ep02,ep02
ep02,ep02
ep03,ep03
ep03,ep03
ep03,ep03
ep03,ep03
ep03,ep03
ep03,ep03
ep03,ep03
ep03,ep03
ep03,ep03
ep03,ep03
ep04,ep04
ep04,ep04
ep04,ep04
ep04,ep04
ep04,ep04
ep04,ep04
ep04,ep04
ep04,ep04
ep04,ep04
ep04,ep04
ep05,ep05
ep05,ep05
ep05,ep05
ep05,ep05
ep05,ep05
ep05,ep05
ep05,ep05
ep05,ep05
ep05,ep05
ep05,ep05
ep06,ep43
ep06,ep06
ep06,ep06
ep06,ep06
ep06,ep43
ep06,ep43
ep06,ep06
ep06,ep06
ep06,ep43
ep06,ep06
ep07,ep07
ep07,ep07
ep07,ep07
ep07,ep07
ep07,ep07
ep07,ep07
ep07,ep07
ep07,ep07
ep07,ep07
ep07,ep07
ep08,ep08
ep08,ep08
ep08,ep08
ep08,ep08
ep08,ep08
ep08,ep08
ep08,ep08
ep08,ep08
ep08,ep08
ep08,ep08
ep09,ep09
ep09,ep09
ep09,ep09
ep09,ep09
ep09,ep09
ep09,ep09
ep09,ep09
ep09,ep09
ep09,ep09
ep09,ep09
ep10,ep10
ep10,ep10
ep10,ep10
ep10,ep10
ep10,ep10
ep10,ep10
ep10,ep10
ep10,ep10
ep10,ep10
ep10,ep10
ep11,ep11
ep11,ep11
ep11,ep11
ep11,ep11
ep11,ep11
ep11,ep11
ep11,ep11
ep11,ep11
ep11,ep11
ep11,ep11
ep12,ep12
ep12,ep12
ep12,ep12
ep12,ep12
ep12,ep12
ep12,ep12
ep12,ep12
ep12,ep12
ep12,ep12
ep12,ep12
ep13,ep13
ep13,ep13
ep13,ep13
ep13,ep13
ep13,ep13
ep13,ep13
ep13,ep13
ep13,ep13
ep13,ep13
ep13,ep13
ep14,ep14
ep14,ep14
ep14,ep14
ep14,ep14
ep14,ep14
ep14,ep14
ep14,ep14
ep14,ep14
ep14,ep14
ep14,ep14
ep15,ep15
ep15,ep15
ep15,ep45
ep15,ep15
ep15,ep15
ep15,ep15
ep15,ep15
ep15,ep15
ep15,ep15
ep15,ep15
ep16,ep16
ep16,ep16
ep16,ep16
ep16,ep16
ep16,ep16
ep16,ep16
ep16,ep16
ep16,ep16
ep16,ep16
ep16,ep16
ep17,ep17
ep17,ep17
ep17,ep17
ep17,ep17
ep17,ep17
ep17,ep17
ep17,ep17
ep17,ep17
ep17,ep17
ep17,ep17
ep18,ep18
ep18,ep18
ep18,ep18
ep18,ep18
ep18,ep18
ep18,ep18
ep18,ep18
ep18,ep18
ep18,ep18
ep18,ep18
ep19,ep19
ep19,ep19
ep19,ep19
ep19,ep19
ep19,ep19
ep19,ep19
ep19,ep19
ep19,ep19
ep19,ep19
ep19,ep19
ep20,ep20
ep20,ep20
ep20,ep20
ep20,ep20
ep20,ep20
ep20,ep20
ep20,ep20
ep20,ep20
ep20,ep20
ep20,ep20
ep21,ep21
ep21,ep21
ep21,ep21
ep21,ep21
ep21,ep21
ep21,ep21
ep21,ep21
ep21,ep21
ep21,ep21
ep21,ep21
ep22,ep22
ep22,ep22
ep22,ep22
ep22,ep13
ep22,ep22
ep22,ep22
ep22,ep22
ep22,ep22
ep22,ep22
ep22,ep22
ep23,ep23
ep23,ep23
ep23,ep23
ep23,ep23
ep23,ep23
ep23,ep23
ep23,ep23
ep23,ep23
ep23,ep23
ep23,ep23
ep24,ep24
ep24,ep24
ep24,ep24
ep24,ep24
ep24,ep24
ep24,ep24
ep24,ep24
ep24,ep24
ep24,ep24
ep24,ep24
ep25,ep25
ep25,ep48
ep25,ep25
ep25,ep25
ep25,ep48
ep25,ep25
ep25,ep25
ep25,ep48
ep25,ep25
ep25,ep48
ep26,ep16
ep26,ep16
ep26,ep16
ep26,ep16
ep26,ep16
ep26,ep16
ep26,ep16
ep26,ep16
ep26,ep16
ep26,ep16
ep27,ep17
ep27,ep46
ep27,ep17
ep27,ep17
ep27,ep17
ep27,ep17
ep27,ep17
ep27,ep46
ep27,ep17
ep27,ep46
ep28,ep28
ep28,ep28
ep28,ep28
ep28,ep28
ep28,ep28
ep28,ep28
ep28,ep28
ep28,ep28
ep28,ep28
ep28,ep28
ep29,ep29
ep29,ep29
ep29,ep29
ep29,ep29
ep29,ep29
ep29,ep29
ep29,ep29
ep29,ep29
ep29,ep29
ep29,ep29
ep30,ep30
ep30,ep30
ep30,ep30
ep30,ep30
ep30,ep30
ep30,ep30
ep30,ep30
ep30,ep30
ep30,ep30
ep30,ep30
ep31,ep31
ep31,ep31
ep31,ep31
ep31,ep31
ep31,ep31
ep31,ep31
ep31,ep31
ep31,ep31
ep31,ep31
ep31,ep31
ep32,ep12
ep32,ep32
ep32,ep32
ep32,ep32
ep32,ep32
ep32,ep12
ep32,ep12
ep32,ep32
ep32,ep32
ep32,ep32
ep33,ep33
ep33,ep33
ep33,ep33
ep33,ep33
ep33,ep33
ep33,ep33
ep33,ep33
ep33,ep33
ep33,ep33
ep33,ep33
ep34,ep34
ep34,ep34
ep34,ep34
ep34,ep34
ep34,ep34
ep34,ep34
ep34,ep34
ep34,ep34
ep34,ep34
ep34,ep34
ep35,ep35
ep35,ep35
ep35,ep35
ep35,ep35
ep35,ep35
ep35,ep35
ep35,ep35
ep35,ep35
ep35,ep35
ep35,ep35
ep36,ep36
ep36,ep36
ep36,ep36
ep36,ep36
ep36,ep36
ep36,ep36
ep36,ep36
ep36,ep36
ep36,ep36
ep36,ep36
ep37,ep37
ep37,ep37
ep37,ep37
ep37,ep37
ep37,ep37
ep37,ep37
ep37,ep37
ep37,ep37
ep37,ep37
ep37,ep37
ep38,ep38
ep38,ep38
ep38,ep38
ep38,ep38
ep38,ep38
ep38,ep38
ep38,ep38
ep38,ep38
ep38,ep38
ep38,ep38
ep39,ep39
ep39,ep39
ep39,ep39
ep39,ep39
ep39,ep39
ep39,ep39
ep39,ep39
ep39,ep39
ep39,ep39
ep39,ep39
ep40,ep40
ep40,ep40
ep40,ep40
ep40,ep40
ep40,ep40
ep40,ep40
ep40,ep40
ep40,ep40
ep40,ep40
ep40,ep40
ep41,ep41
ep41,ep41
ep41,ep41
ep41,ep41
ep41,ep41
ep41,ep41
ep41,ep41
ep41,ep41
ep41,ep41
ep41,ep41
ep42,ep42
ep42,ep42
ep42,ep42
ep42,ep42
ep42,ep42
ep42,ep42
ep42,ep42
ep42,ep42
ep42,ep42
ep42,ep42
ep43,ep43
ep43,ep06
ep43,ep43
ep43,ep43
ep43,ep43
ep43,ep43
ep43,ep43
ep43,ep43
ep43,ep43
ep43,ep43
ep44,ep44
ep44,ep44
ep44,ep44
ep44,ep44
ep44,ep44
ep44,ep44
ep44,ep44
ep44,ep44
ep44,ep44
ep44,ep44
ep45,ep45
ep45,ep15
ep45,ep45
ep45,ep45
ep45,ep45
ep45,ep45
ep45,ep45
ep45,ep45
ep45,ep45
ep45,ep45
ep46,ep17
ep46,ep46
ep46,ep46
ep46,ep46
ep46,ep46
ep46,ep46
ep46,ep17
ep46,ep46
ep46,ep46
ep46,ep46
ep47,ep47
ep47,ep47
ep47,ep47
ep47,ep47
ep47,ep47
ep47,ep47
ep47,ep47
ep47,ep47
ep47,ep47
ep47,ep47
ep48,ep48
ep48,ep48
ep48,ep48
ep48,ep48
ep48,ep48
ep48,ep48
ep48,ep48
ep48,ep48
ep48,ep48
ep48,ep48
ep49,ep49
ep49,ep49
ep49,ep49
ep49,ep49
ep49,ep49
ep49,ep49
ep49,ep49
ep49,ep49
ep49,ep49
ep49,ep49
ep50,ep50
ep50,ep50
ep50,ep50
ep50,ep50
ep50,ep50
ep50,ep50
ep50,ep50
ep50,ep50
ep50,ep50
ep50,ep50
